{
  "TF-IDF": {
    "P@10": 0.30533333333333335,
    "R@10": 0.44873491735362137,
    "F1@10": 0.33682332026271966,
    "MAP": 0.4097349676133614,
    "MRR": 0.8060917856968582,
    "Time (s)": 0.141
  },
  "BM25": {
    "P@10": 0.3133333333333333,
    "R@10": 0.45272607248312374,
    "F1@10": 0.3432902189959073,
    "MAP": 0.42604384378351234,
    "MRR": 0.8170016654084619,
    "Time (s)": 0.147
  },
  "QLM (JM)": {
    "P@10": 0.3000000000000001,
    "R@10": 0.4377927035406947,
    "F1@10": 0.3299452636448814,
    "MAP": 0.4055395410252767,
    "MRR": 0.8167882184713608,
    "Time (s)": 0.538
  },
  "QLM (Dirichlet)": {
    "P@10": 0.2822222222222222,
    "R@10": 0.41826834139794206,
    "F1@10": 0.3126926853704448,
    "MAP": 0.3790570939949533,
    "MRR": 0.7593573979562971,
    "Time (s)": 0.537
  }
}