{
  "TF-IDF": {
    "P@10": 0.30533333333333335,
    "R@10": 0.44873491735362137,
    "F1@10": 0.33682332026271966,
    "MAP": 0.4097349676133614,
    "MRR": 0.8060917856968582
  },
  "BM25": {
    "P@10": 0.3191111111111111,
    "R@10": 0.45732515184765277,
    "F1@10": 0.3482173796279153,
    "MAP": 0.43301788470666647,
    "MRR": 0.8291987086093369
  },
  "QLM (JM)": {
    "P@10": 0.29955555555555563,
    "R@10": 0.4405238943771488,
    "F1@10": 0.33063516177645313,
    "MAP": 0.40610548666879576,
    "MRR": 0.8090552693217453
  },
  "QLM (Dirichlet)": {
    "P@10": 0.29911111111111127,
    "R@10": 0.4358944313698737,
    "F1@10": 0.32869458819236613,
    "MAP": 0.4064199371293863,
    "MRR": 0.8074979765047728
  }
}